{"architecture":"amd64","config":{"Hostname":"","Domainname":"","User":"miner","AttachStdin":false,"AttachStdout":false,"AttachStderr":false,"Tty":false,"OpenStdin":false,"StdinOnce":false,"Env":["PATH=/usr/local/sbin:/usr/local/bin:/usr/sbin:/usr/bin:/sbin:/bin"],"Cmd":null,"ArgsEscaped":true,"Image":"sha256:151b7cf6cfff363479b4159e4e66139603b9e54bc95a14ef7e5b95e59ed33e4e","Volumes":null,"WorkingDir":"/xmrig","Entrypoint":["./xmrig"],"OnBuild":[],"Labels":null},"container":"819a304e29051e4f2a0ef4eae849032dc41e3ad96ada5c5ff255eec9b1410c0b","container_config":{"Hostname":"819a304e2905","Domainname":"","User":"miner","AttachStdin":false,"AttachStdout":false,"AttachStderr":false,"Tty":false,"OpenStdin":false,"StdinOnce":false,"Env":["PATH=/usr/local/sbin:/usr/local/bin:/usr/sbin:/usr/bin:/sbin:/bin"],"Cmd":["/bin/sh","-c","#(nop) ","ENTRYPOINT [\"./xmrig\"]"],"ArgsEscaped":true,"Image":"sha256:151b7cf6cfff363479b4159e4e66139603b9e54bc95a14ef7e5b95e59ed33e4e","Volumes":null,"WorkingDir":"/xmrig","Entrypoint":["./xmrig"],"OnBuild":[],"Labels":{}},"created":"2017-09-20T13:59:17.432445125Z","docker_version":"17.06.1-ce","history":[{"created":"2017-09-13T14:32:25.788552283Z","created_by":"/bin/sh -c #(nop) ADD file:4583e12bf5caec40b861a3409f2a1624c3f3556cc457edb99c9707f00e779e45 in / "},{"created":"2017-09-13T14:32:26.049525424Z","created_by":"/bin/sh -c #(nop)  CMD [\"/bin/sh\"]","empty_layer":true},{"created":"2017-09-20T13:58:31.037513531Z","created_by":"/bin/sh -c adduser -S -D -H -h /xmrig miner"},{"created":"2017-09-20T13:59:17.102420194Z","created_by":"/bin/sh -c apk --no-cache upgrade \u0026\u0026       apk --no-cache add         git         cmake         libuv-dev         build-base \u0026\u0026       git clone https://github.com/xmrig/xmrig \u0026\u0026       cd xmrig \u0026\u0026       mkdir build \u0026\u0026       cmake -DCMAKE_BUILD_TYPE=Release . \u0026\u0026       make \u0026\u0026       apk del         build-base         cmake         git"},{"created":"2017-09-20T13:59:17.208877661Z","created_by":"/bin/sh -c #(nop)  USER [miner]","empty_layer":true},{"created":"2017-09-20T13:59:17.327135545Z","created_by":"/bin/sh -c #(nop) WORKDIR /xmrig","empty_layer":true},{"created":"2017-09-20T13:59:17.432445125Z","created_by":"/bin/sh -c #(nop)  ENTRYPOINT [\"./xmrig\"]","empty_layer":true}],"os":"linux","rootfs":{"type":"layers","diff_ids":["sha256:5bef08742407efd622d243692b79ba0055383bbce12900324f75e56f589aedb0","sha256:aa34ab66762b94bfd9ee14a1d8fe71135e8e417a8eb0f7fe8526b4a9a8677d2e","sha256:2dd8e7bffa2c27862be295929c51b17349f638898557f6a81145d9d1d11c2f54"]}}