{"architecture":"amd64","config":{"Hostname":"","Domainname":"","User":"mining","AttachStdin":false,"AttachStdout":false,"AttachStderr":false,"Tty":false,"OpenStdin":false,"StdinOnce":false,"Env":["PATH=/usr/local/sbin:/usr/local/bin:/usr/sbin:/usr/bin:/sbin:/bin"],"Cmd":null,"ArgsEscaped":true,"Image":"sha256:d8092bd7f2e8fdfa2fa4211e45d5bb0fa41681466f733aaaedfd8634418f675c","Volumes":null,"WorkingDir":"/xmrig","Entrypoint":["./xmrig"],"OnBuild":[],"Labels":null},"container":"e167fd1626e327076ada42ce6b2412f966e40827b1b973aed264a757ccaf3ed0","container_config":{"Hostname":"e167fd1626e3","Domainname":"","User":"mining","AttachStdin":false,"AttachStdout":false,"AttachStderr":false,"Tty":false,"OpenStdin":false,"StdinOnce":false,"Env":["PATH=/usr/local/sbin:/usr/local/bin:/usr/sbin:/usr/bin:/sbin:/bin"],"Cmd":["/bin/sh","-c","#(nop) ","ENTRYPOINT [\"./xmrig\"]"],"ArgsEscaped":true,"Image":"sha256:d8092bd7f2e8fdfa2fa4211e45d5bb0fa41681466f733aaaedfd8634418f675c","Volumes":null,"WorkingDir":"/xmrig","Entrypoint":["./xmrig"],"OnBuild":[],"Labels":{}},"created":"2017-11-08T11:04:49.844720214Z","docker_version":"17.09.0-ce","history":[{"created":"2017-11-03T22:10:18.456471742Z","created_by":"/bin/sh -c #(nop) ADD file:1e87ff33d1b6765b793888cd50e01b2bd0dfe152b7dbb4048008bfc2658faea7 in / "},{"created":"2017-11-03T22:10:18.605674287Z","created_by":"/bin/sh -c #(nop)  CMD [\"/bin/sh\"]","empty_layer":true},{"created":"2017-11-08T11:03:34.025057979Z","created_by":"/bin/sh -c adduser -S -D -H -h /xmrig mining"},{"created":"2017-11-08T11:04:49.431596162Z","created_by":"/bin/sh -c apk --no-cache upgrade \u0026\u0026       apk --no-cache add         git         build-base         cmake          libuv-dev          util-linux-dev          libmicrohttpd-dev \u0026\u0026       git clone https://github.com/xmrig/xmrig.git \u0026\u0026       cd xmrig \u0026\u0026       mkdir build \u0026\u0026       cmake -DCMAKE_BUILD_TYPE=Release . \u0026\u0026       make \u0026\u0026       apk del         build-base         cmake         git"},{"created":"2017-11-08T11:04:49.561386427Z","created_by":"/bin/sh -c #(nop)  USER [mining]","empty_layer":true},{"created":"2017-11-08T11:04:49.724819269Z","created_by":"/bin/sh -c #(nop) WORKDIR /xmrig","empty_layer":true},{"created":"2017-11-08T11:04:49.844720214Z","created_by":"/bin/sh -c #(nop)  ENTRYPOINT [\"./xmrig\"]","empty_layer":true}],"os":"linux","rootfs":{"type":"layers","diff_ids":["sha256:2aebd096e0e237b447781353379722157e6c2d434b9ec5a0d63f2a6f07cf90c2","sha256:f2de4487944909ffe069b212a59d89dfe3f34a611ecf6904fabed0a4823dc287","sha256:0ac217418ce5fe195ff4e469cf622643794d283f72333d5533f109e1dbf0ee15"]}}